Job Title,Location,Vacancy Type,Positions Available,Reference Number
Call Centre Operator,PERTH WA,Casual,40,260621
Nursing Support and Personal Care Workers,MANDURAH WA,Casual,10,260496
Engineering ,BALCATTA WA,Casual,5,260532
Sales Assistants and Salespersons,PERTH WA,Casual,5,260533
Call Centre Operator,WEST PERTH WA,Casual,14,256378
Building and Plumbing Labourers,BELMONT WA,Casual,1,260487
Commercial / Industrial Cleaner,PERTH WA,P/T <35 hours,1,260515
Storepersons,PERTH AIRPORT WA,Casual,5,260529
Pick Packer,JANDAKOT WA,Casual,5,260530
Retail / Sales Assistant,PERTH WA,Casual,5,260531
Commercial / Industrial Cleaner,PERTH WA,Casual,5,260534
"Meat, Poultry and Seafood Process Workers",CANNING VALE WA,Casual,30,256710
Pick Packer,PERTH AIRPORT WA,Casual,10,258288
Forklift Driver,WELSHPOOL WA,Casual,5,259464
Cleaners,PERTH WA,Casual,5,260335
Sales Assistants (General),PERTH WA,Casual,50,260341
Other Miscellaneous Labourers,KWINANA BEACH WA,Casual,5,260043
Other Miscellaneous Labourers,EAST PERTH WA,Casual,15,260207
Labourer,SCARBOROUGH WA,Casual,2,260064
Housekeeping / Room Attendant,PERTH WA,Casual,5,255277
Housekeeping / Room Attendant,BALCATTA WA,Casual,10,258193
Motor Mechanics,MADDINGTON WA,Casual,2,259761
Housekeepers,EAST ROCKINGHAM WA,Casual,5,257362
Housekeepers,MANDURAH WA,Casual,5,257362
Special Care Workers,MANDURAH WA,Casual,10,259701
Special Care Workers,MUNDARING WA,Casual,10,259701
Special Care Workers,YANCHEP WA,Casual,10,259701
Labourer,WELSHPOOL WA ,Casual,1,259725
Earthmoving Plant Operators,HIGHGATE SA,Casual,10,259588
Packers,CANNING VALE WA,Casual,20,259597
Forklift Drivers,CANNING VALE WA,Casual,5,259598
Domestic Cleaners,PERTH WA,Casual,4,259688
Technicians and Trades Workers,BALCATTA WA,F/T 35 hours+,2,259695
Forklift Driver,LANDSDALE WA,Casual,2,259715
Labourer,SOUTH PERTH WA,Casual,2,259717
Sales Representatives,WANGARA WA,Casual,1,259484
forklift drivers,CANNING VALE WA,Casual,5,259658
Pick Packer,CANNING VALE WA,Casual,1,259419
Retail Managers,MANDURAH WA,Casual,10,259340
Retail Managers,OSBORNE PARK WA,Casual,10,259340
Retail Managers,MIDLAND WA,Casual,5,259342
Motor Vehicle Parts and Accessories Fitters,KEWDALE WA,Casual,15,259343
Motor Vehicle Parts and Accessories Fitters,MALAGA WA,Casual,15,259343
Motor Vehicle Parts and Accessories Fitters,MELVILLE WA,Casual,15,259343
Motor Vehicle Parts and Accessories Fitters,OSBORNE PARK WA,Casual,15,259343
Motor Vehicle Parts and Accessories Fitters,ROCKINGHAM WA,Casual,15,259343
Technicians and Trades Workers,GWELUP WA,Casual,2,254043
Carpenters and Joiners,WANGARA WA,Casual,1,259240
Sales Consultant,WANGARA WA,Casual,3,259236
Other Miscellaneous Labourers,BELMONT WA,Casual,20,259267
Special Care Workers,ROCKINGHAM WA,Casual,10,259128
Trades Assistant,PERTH WA,Casual,10,257292
Plant Operator,MALAGA WA,Casual,1,256719
Aged and Disability Carer,FREMANTLE WA,P/T <35 hours,10,255923
Labourer,BAYSWATER WA,Casual,4,255936
Hairdressers,PERTH AIRPORT WA,Casual,1,255625
Road Traffic Controllers,MIDVALE WA,P/T <35 hours,3,255281
Aged and Disabled Carers,PERTH WA,Casual,2,255301
Kitchenhands,PERTH WA,Casual,2,255302
Aged and Disabled Carers,MIRRABOOKA WA,P/T <35 hours,7,253306